{
    "yolov8x.pt": {
        "accuracy": 80.88235294117648,
        "precision": 91.66666666666666,
        "runtimes": {
            "perform_box_segmentation_runtime": 25.21796226501465
        }
    },
    "yolo11n.pt": {
        "accuracy": 39.705882352941174,
        "precision": 45.0,
        "runtimes": {
            "perform_box_segmentation_runtime": 13.481357336044312
        }
    },
    "IDEA-Research/grounding-dino-base": {
        "accuracy": 52.94117647058824,
        "precision": 60.0,
        "runtimes": {
            "perform_box_segmentation_runtime": 36.74191427230835
        }
    },
    "yolov8x.engine": {
        "accuracy": 58.82352941176471,
        "precision": 66.66666666666666,
        "runtimes": {
            "perform_box_segmentation_runtime": 18.77293372154236
        }
    },
    "yolo11n.engine": {
        "accuracy": 33.82352941176471,
        "precision": 38.333333333333336,
        "runtimes": {
            "perform_box_segmentation_runtime": 13.439018726348877
        }
    }
}