{
    "yolov8x": {
        "accuracy": 82.35294117647058,
        "precision": 93.33333333333333,
        "runtimes": {
            "perform_box_segmentation_runtime": 25.21796226501465
        },
        "model_file_size_MB": 130.54913711547852
    },
    "yolo11n": {
        "accuracy": 41.17647058823529,
        "precision": 46.666666666666664,
        "runtimes": {
            "perform_box_segmentation_runtime": 13.481357336044312
        },
        "model_file_size_MB": 5.353702545166016
    },
    "grounding-dino-base": {
        "accuracy": 52.94117647058824,
        "precision": 60.0,
        "runtimes": {
            "perform_box_segmentation_runtime": 36.74191427230835
        },
        "model_file_size_MB": 933
    },
    "yolov8x_trt": {
        "accuracy": 60.29411764705882,
        "precision": 68.33333333333333,
        "runtimes": {
            "perform_box_segmentation_runtime": 18.77293372154236
        },
        "model_file_size_MB": 71.00894355773926
    },
    "yolo11n_trt": {
        "accuracy": 35.294117647058826,
        "precision": 40.0,
        "runtimes": {
            "perform_box_segmentation_runtime": 13.439018726348877
        },
        "model_file_size_MB": 8.329536437988281
    }
}